{"score": 0.5914043981050884, "_timestamp": 1713467299.9781456, "_runtime": 6.97914457321167, "_step": 4, "_wandb": {"runtime": 5}}