{"score": 0.5920630398324948, "_timestamp": 1713468260.9128184, "_runtime": 7.5327653884887695, "_step": 4, "_wandb": {"runtime": 5}}